,comp_id,atom_id,count,min,max,avg,std,avg-std,avg+std
3,ALA,H,66453,3.53,12.11,8.195,0.579,7.6160000000000005,8.774000000000001
4,ALA,HA,44830,0.87,6.513999999999999,4.239,0.424,3.815,4.663
13,ARG,H,44384,3.5660000000000003,12.69,8.235,0.604,7.630999999999999,8.838999999999999
14,ARG,HA,30748,1.291,6.617999999999999,4.287,0.449,3.838,4.736
15,ARG,HB2,27772,-0.616,3.74,1.796,0.257,1.5390000000000001,2.053
16,ARG,HB3,26306,-0.74,3.74,1.765,0.26899999999999996,1.496,2.034
17,ARG,HD2,24307,1.041,4.849,3.1180000000000003,0.228,2.89,3.3460000000000005
18,ARG,HD3,22129,0.847,4.689,3.1039999999999996,0.245,2.8589999999999995,3.3489999999999998
19,ARG,HE,7628,2.201,11.88,7.354,0.5579999999999999,6.796,7.912
20,ARG,HG2,24781,-0.711,3.51,1.567,0.263,1.3039999999999998,1.83
21,ARG,HG3,23015,-0.742,3.51,1.546,0.27899999999999997,1.2670000000000001,1.825
22,ARG,HH11,662,5.642,9.82,6.895,0.424,6.470999999999999,7.319
23,ARG,HH12,515,5.92,8.76,6.8420000000000005,0.361,6.481000000000001,7.203
24,ARG,HH21,568,4.845,8.66,6.797999999999999,0.379,6.418999999999999,7.177
25,ARG,HH22,464,5.92,8.776,6.792999999999999,0.34700000000000003,6.445999999999999,7.14
34,ASN,H,36521,2.61,12.675,8.324,0.611,7.713,8.935
35,ASN,HA,25230,2.04,6.6,4.658,0.35100000000000003,4.307,5.009
36,ASN,HB2,23514,0.18,4.47,2.803,0.31,2.493,3.113
37,ASN,HB3,22667,-0.11599999999999999,4.766,2.7489999999999997,0.331,2.4179999999999997,3.0799999999999996
38,ASN,HD21,17278,2.06,9.767000000000001,7.327999999999999,0.48200000000000004,6.845999999999999,7.81
39,ASN,HD22,17056,2.5780000000000003,9.986,7.148,0.495,6.653,7.643
46,ASP,H,51943,4.062,12.68,8.301,0.56,7.741,8.861
47,ASP,HA,34972,2.171,6.67,4.584,0.31,4.274,4.893999999999999
48,ASP,HB2,32409,-0.39,6.6,2.7110000000000003,0.261,2.45,2.9720000000000004
49,ASP,HB3,31136,-0.36200000000000004,4.58,2.661,0.27,2.391,2.931
50,ASP,HD2,6,4.575,12.12,8.059,3.242,4.816999999999999,11.300999999999998
55,CYS,H,18997,4.379,12.66,8.387,0.672,7.715000000000001,9.059000000000001
56,CYS,HA,15538,1.64,6.4479999999999995,4.657,0.54,4.117,5.197
57,CYS,HB2,14938,-0.488,4.715,2.9560000000000004,0.433,2.5230000000000006,3.3890000000000002
58,CYS,HB3,14573,-0.83,4.77,2.889,0.44299999999999995,2.4459999999999997,3.332
59,CYS,HG,172,-1.83,7.392,1.9780000000000002,1.177,0.8010000000000002,3.1550000000000002
66,GLN,H,37884,3.505,12.224,8.219,0.573,7.645999999999999,8.792
67,GLN,HA,25736,1.567,6.442,4.257,0.42100000000000004,3.8359999999999994,4.678
68,GLN,HB2,23293,-0.16399999999999998,4.0,2.045,0.251,1.794,2.296
69,GLN,HB3,22206,-0.584,4.04,2.0140000000000002,0.266,1.7480000000000002,2.2800000000000002
70,GLN,HE21,15962,3.39,9.922,7.223,0.441,6.782,7.664
71,GLN,HE22,15874,3.59,9.79,7.034,0.433,6.601,7.467
72,GLN,HG2,21676,-0.212,4.44,2.314,0.263,2.051,2.577
73,GLN,HG3,20105,-0.406,4.44,2.294,0.28,2.0140000000000002,2.574
81,GLU,H,68420,4.244,12.692,8.33,0.578,7.752,8.908
82,GLU,HA,46220,1.393,6.315,4.24,0.402,3.838,4.642
83,GLU,HB2,41531,0.34,3.44,2.021,0.20600000000000002,1.815,2.227
84,GLU,HB3,39093,0.163,3.467,1.9969999999999999,0.21100000000000002,1.7859999999999998,2.2079999999999997
85,GLU,HE2,5,2.727,6.69,4.368,2.121,2.2470000000000003,6.489000000000001
86,GLU,HG2,38252,0.503,3.77,2.267,0.20800000000000002,2.0589999999999997,2.475
87,GLU,HG3,35719,0.45299999999999996,3.832,2.248,0.212,2.036,2.4600000000000004
91,GLY,H,65651,3.01,12.22,8.331,0.622,7.709,8.953
92,GLY,HA2,43757,0.8440000000000001,6.983,3.9619999999999997,0.363,3.5989999999999998,4.324999999999999
93,GLY,HA3,41682,0.645,6.983,3.8939999999999997,0.366,3.5279999999999996,4.26
101,HIS,H,18297,3.97,12.392000000000001,8.246,0.6679999999999999,7.578,8.914
102,HIS,HA,13093,1.929,8.9,4.602,0.426,4.176,5.0280000000000005
103,HIS,HB2,12127,-0.038,8.7,3.1039999999999996,0.35100000000000003,2.7529999999999997,3.4549999999999996
104,HIS,HB3,11778,-0.387,8.7,3.0469999999999997,0.374,2.6729999999999996,3.421
105,HIS,HD1,552,2.73,77.1,9.23,7.222,2.008,16.452
106,HIS,HD2,8528,0.264,9.415,6.997999999999999,0.473,6.5249999999999995,7.470999999999999
107,HIS,HE1,6684,0.075,10.881,7.943,0.568,7.375,8.511
108,HIS,HE2,231,6.5729999999999995,16.53,9.487,2.294,7.193,11.781
118,ILE,H,46035,3.42,11.870999999999999,8.263,0.6759999999999999,7.587,8.939
119,ILE,HA,31367,1.32,6.362,4.156000000000001,0.547,3.6090000000000004,4.703
120,ILE,HB,29397,-1.28,3.87,1.785,0.289,1.496,2.074
121,ILE,HG12,26543,-2.12,2.8489999999999998,1.274,0.39399999999999996,0.8800000000000001,1.668
122,ILE,HG13,25523,-2.074,2.99,1.199,0.406,0.793,1.605
132,LEU,H,76567,3.012,13.22,8.216000000000001,0.627,7.589000000000001,8.843000000000002
133,LEU,HA,51898,1.58,6.42,4.297,0.452,3.8449999999999998,4.749
134,LEU,HB2,47449,-1.252,4.485,1.611,0.33899999999999997,1.272,1.95
135,LEU,HB3,45539,-1.47,4.485,1.527,0.359,1.168,1.886
136,LEU,HG,41710,-1.06,3.9,1.511,0.32899999999999996,1.182,1.8399999999999999
146,LYS,H,64182,3.258,12.030999999999999,8.177,0.591,7.585999999999999,8.767999999999999
147,LYS,HA,44786,0.68,6.25,4.257,0.425,3.832,4.6819999999999995
148,LYS,HB2,39970,-0.35700000000000004,3.8819999999999997,1.778,0.239,1.5390000000000001,2.017
149,LYS,HB3,37837,-0.449,3.8819999999999997,1.751,0.259,1.492,2.01
150,LYS,HD2,32029,-1.68,3.19,1.6059999999999999,0.209,1.3969999999999998,1.815
151,LYS,HD3,28971,-0.5670000000000001,3.193,1.598,0.213,1.385,1.8110000000000002
152,LYS,HE2,31614,0.67,4.43,2.912,0.196,2.7159999999999997,3.108
153,LYS,HE3,28001,1.12,4.55,2.907,0.19899999999999998,2.708,3.106
154,LYS,HG2,36086,-0.77,3.128,1.368,0.25,1.118,1.618
155,LYS,HG3,33438,-0.871,3.0460000000000003,1.3530000000000002,0.264,1.0890000000000002,1.6170000000000002
164,MET,H,17964,4.865,12.456,8.25,0.5770000000000001,7.673,8.827
165,MET,HA,12685,1.127,6.35,4.387,0.457,3.9299999999999997,4.843999999999999
166,MET,HB2,11280,-1.05,4.07,2.0269999999999997,0.325,1.7019999999999997,2.352
167,MET,HB3,10638,-0.99,3.47,1.993,0.336,1.657,2.329
168,MET,HG2,10317,-0.42,4.4,2.42,0.353,2.067,2.7729999999999997
169,MET,HG3,9793,-0.469,4.24,2.395,0.371,2.024,2.766
181,PHE,H,32554,3.549,12.1759,8.335,0.71,7.625000000000001,9.045000000000002
182,PHE,HA,21786,1.33,6.867999999999999,4.6080000000000005,0.557,4.051,5.165000000000001
183,PHE,HB2,20190,0.159,4.461,3.0,0.363,2.637,3.363
184,PHE,HB3,19744,-0.212,4.69,2.9410000000000003,0.384,2.5570000000000004,3.325
185,PHE,HD1,16873,4.468999999999999,8.152000000000001,7.057,0.309,6.748,7.3660000000000005
186,PHE,HD2,14373,4.468999999999999,8.152000000000001,7.061,0.31,6.751,7.3709999999999996
187,PHE,HE1,14661,4.378,8.41,7.086,0.308,6.7780000000000005,7.394
188,PHE,HE2,12627,4.378,8.41,7.082000000000001,0.312,6.7700000000000005,7.394000000000001
189,PHE,HZ,10169,4.324,8.919,6.995,0.415,6.58,7.41
196,PRO,HA,25150,1.044,8.08,4.388,0.324,4.064,4.712
197,PRO,HB2,23236,-0.75,4.59,2.079,0.342,1.737,2.4210000000000003
198,PRO,HB3,22567,-0.583,3.79,2.004,0.349,1.655,2.3529999999999998
199,PRO,HD2,21296,0.63,5.357,3.65,0.34600000000000003,3.304,3.996
200,PRO,HD3,20577,0.3352,5.357,3.6180000000000003,0.375,3.2430000000000003,3.9930000000000003
201,PRO,HG2,20814,-0.8009999999999999,4.418,1.9269999999999998,0.305,1.6219999999999999,2.2319999999999998
202,PRO,HG3,19347,-0.9,4.418,1.905,0.316,1.589,2.221
207,SER,H,56203,3.76,12.522,8.277000000000001,0.57,7.707000000000001,8.847000000000001
208,SER,HA,38770,1.2770000000000001,6.853,4.468,0.396,4.072,4.864
209,SER,HB2,35363,1.66,5.452999999999999,3.87,0.252,3.6180000000000003,4.122
210,SER,HB3,32788,1.12,5.452999999999999,3.846,0.273,3.573,4.119
211,SER,HG,610,0.13,8.97,5.343,1.05,4.293,6.393
217,THR,H,49330,5.32,11.804,8.235,0.612,7.622999999999999,8.847
218,THR,HA,33516,1.65,7.468,4.449,0.47,3.979,4.919
219,THR,HB,30394,0.92,8.346,4.164,0.321,3.8429999999999995,4.484999999999999
220,THR,HG1,1017,-1.7830000000000001,9.013,5.073,1.288,3.785,6.361000000000001
234,TRP,H,10447,5.16,11.75862,8.267999999999999,0.762,7.5059999999999985,9.03
235,TRP,HA,7054,2.043,6.58,4.659,0.512,4.147,5.170999999999999
236,TRP,HB2,6625,0.42,4.54,3.1910000000000003,0.33899999999999997,2.8520000000000003,3.5300000000000002
237,TRP,HB3,6441,0.257,4.44,3.1239999999999997,0.36200000000000004,2.7619999999999996,3.4859999999999998
238,TRP,HD1,5913,4.9,8.93,7.138,0.337,6.801,7.475
239,TRP,HE1,6600,4.69,14.392000000000001,10.084,0.638,9.446,10.722
240,TRP,HE3,5138,4.89,9.949,7.322,0.41,6.912,7.732
241,TRP,HH2,5074,4.372,8.797,6.981,0.35100000000000003,6.63,7.332
242,TRP,HZ2,5503,4.655,8.558,7.285,0.318,6.9670000000000005,7.603
243,TRP,HZ3,4960,3.877,8.898,6.876,0.369,6.507000000000001,7.245
255,TYR,H,27381,4.156000000000001,12.34,8.292,0.7240000000000001,7.568,9.016
256,TYR,HA,18689,1.188,6.825,4.6,0.55,4.05,5.1499999999999995
257,TYR,HB2,17260,-0.494,4.7,2.908,0.364,2.544,3.272
258,TYR,HB3,16867,-0.192,4.7,2.845,0.386,2.459,3.2310000000000003
259,TYR,HD1,14941,3.931,8.538,6.939,0.292,6.647,7.231
260,TYR,HD2,12969,4.027,8.538,6.934,0.293,6.641,7.227
261,TYR,HE1,14183,4.58,8.04,6.7010000000000005,0.225,6.476000000000001,6.926
262,TYR,HE2,12397,4.58,8.5,6.702999999999999,0.22699999999999998,6.475999999999999,6.93
263,TYR,HH,252,-0.7879999999999999,13.748,9.157,1.556,7.601,10.713000000000001
270,VAL,H,59898,3.98,12.585,8.273,0.662,7.611,8.935
271,VAL,HA,40806,0.972,6.297999999999999,4.159,0.568,3.5909999999999997,4.726999999999999
272,VAL,HB,37743,-1.24,3.758,1.985,0.313,1.6720000000000002,2.298
