comp_id,atom_id,count,min,max,avg,std
ALA,C,43143,164.477,187.2,177.811,2.050
ALA,CA,58997,39.922,67.022,53.168,1.932
ALA,CB,55396,6.606,43.14,18.973,1.770
ALA,H,66453,3.53,12.110,8.195,0.579
ALA,HA,44830,0.870,6.514,4.239,0.424
ALA,MB,42749,-0.880,3.4106,1.356,0.245
ALA,N,63138,98.053,142.81,123.339,3.453
ARG,C,26962,167.44,184.51,176.487,1.987
ARG,CA,38012,35.7,67.98,56.790,2.279
ARG,CB,35257,20.775,43.392,30.641,1.793
ARG,CD,20609,27.121,50.882,43.156,0.919
ARG,CG,20448,18.22,49.3900,27.220,1.204
ARG,CZ,515,113.281,179.920,159.890,3.571
ARG,H,44384,3.566,12.69,8.235,0.604
ARG,HA,30748,1.291,6.618,4.287,0.449
ARG,HB2,27772,-0.616,3.74,1.796,0.257
ARG,HB3,26306,-0.74,3.74,1.765,0.269
ARG,HD2,24307,1.041,4.849,3.118,0.228
ARG,HD3,22129,0.847,4.689,3.104,0.245
ARG,HE,7628,2.201,11.88,7.354,0.558
ARG,HG2,24781,-0.711,3.510,1.567,0.263
ARG,HG3,23015,-0.742,3.510,1.546,0.279
ARG,HH11,662,5.642,9.82,6.895,0.424
ARG,HH12,515,5.920,8.76,6.842,0.361
ARG,HH21,568,4.845,8.66,6.798,0.379
ARG,HH22,464,5.920,8.776,6.793,0.347
ARG,N,40710,102.427,137.600,120.859,3.616
ARG,NE,4274,67.00,99.808,84.583,1.604
ARG,NH1,136,67.6,87.82,74.149,5.021
ARG,NH2,116,69.258,87.83,72.651,2.942
ASN,C,22904,166.8,185.3000,175.300,1.757
ASN,CA,32149,41.197,64.508,53.539,1.855
ASN,CB,30332,23.164,57.35,38.693,1.650
ASN,CG,1909,166.399,183.8,176.767,1.370
ASN,H,36521,2.610,12.675,8.324,0.611
ASN,HA,25230,2.040,6.600,4.658,0.351
ASN,HB2,23514,0.18,4.47,2.803,0.310
ASN,HB3,22667,-0.116,4.766,2.749,0.331
ASN,HD21,17278,2.06,9.767,7.328,0.482
ASN,HD22,17056,2.578,9.986,7.148,0.495
ASN,N,34024,101.712,137.49,118.936,3.890
ASN,ND2,14684,99.4,134.500,112.761,2.262
ASP,C,33085,166.8,182.7,176.434,1.684
ASP,CA,45816,41.113,67.166,54.687,2.007
ASP,CB,43149,26.5008,58.51,40.880,1.596
ASP,CG,546,169.68,186.5,179.265,1.787
ASP,H,51943,4.062,12.68,8.301,0.560
ASP,HA,34972,2.171,6.67,4.584,0.310
ASP,HB2,32409,-0.39,6.6,2.711,0.261
ASP,HB3,31136,-0.362,4.58,2.661,0.270
ASP,HD2,6,4.5750,12.12,8.059,3.242
ASP,N,49649,101.90,143.52,120.708,3.759
CYS,C,8916,166.733,187.591,174.885,2.028
CYS,CA,13357,41.514,68.074,58.080,3.441
CYS,CB,12687,17.99,63.89,33.393,6.481
CYS,H,18997,4.379,12.660,8.387,0.672
CYS,HA,15538,1.64,6.448,4.657,0.540
CYS,HB2,14938,-0.488,4.715,2.956,0.433
CYS,HB3,14573,-0.83,4.77,2.889,0.443
CYS,HG,172,-1.830,7.392,1.978,1.177
CYS,N,14485,100.48,138.678,120.151,4.422
GLN,C,24460,168.085,185.308,176.356,1.903
GLN,CA,33859,43.453,66.60,56.576,2.090
GLN,CB,31572,18.425,43.649,29.164,1.781
GLN,CD,1862,171.365,183.929,179.706,1.221
GLN,CG,19056,21.64,51.08,33.784,1.094
GLN,H,37884,3.505,12.224,8.219,0.573
GLN,HA,25736,1.567,6.4420,4.257,0.421
GLN,HB2,23293,-0.164,4.00,2.045,0.251
GLN,HB3,22206,-0.584,4.04,2.014,0.266
GLN,HE21,15962,3.39,9.922,7.223,0.441
GLN,HE22,15874,3.59,9.79,7.034,0.433
GLN,HG2,21676,-0.212,4.440,2.314,0.263
GLN,HG3,20105,-0.406,4.44,2.294,0.280
GLN,N,36072,103.877,139.55,120.002,3.522
GLN,NE2,14209,92.49,133.301,111.870,1.688
GLU,C,44457,166.8,182.988,176.929,1.887
GLU,CA,60465,41.955,71.16,57.315,2.067
GLU,CB,56200,18.356,49.560,29.975,1.693
GLU,CD,622,173.41,187.0,182.312,2.261
GLU,CG,34038,25.059,59.853,36.106,1.193
GLU,H,68420,4.244,12.692,8.330,0.578
GLU,HA,46220,1.393,6.3150,4.240,0.402
GLU,HB2,41531,0.340,3.44,2.021,0.206
GLU,HB3,39093,0.163,3.467,1.997,0.211
GLU,HE2,5,2.727,6.69,4.368,2.121
GLU,HG2,38252,0.503,3.77,2.267,0.208
GLU,HG3,35719,0.453,3.832,2.248,0.212
GLU,N,65691,101.337,138.6,120.753,3.426
GLY,C,41546,163.272,187.394,173.898,1.817
GLY,CA,58369,33.148,61.276,45.364,1.291
GLY,H,65651,3.01,12.22,8.331,0.622
GLY,HA2,43757,0.844,6.983,3.962,0.363
GLY,HA3,41682,0.645,6.983,3.894,0.366
GLY,N,61292,93.604,162.194,109.565,3.637
HIS,C,11506,166.900,183.120,175.265,1.945
HIS,CA,16547,43.308,71.15,56.497,2.294
HIS,CB,15460,18.745,54.9,30.260,2.105
HIS,CD2,5598,110.516,159.946,120.327,3.305
HIS,CE1,4334,104.667,144.756,137.604,2.330
HIS,CG,135,117.54,139.557,132.025,3.126
HIS,H,18297,3.970,12.392,8.246,0.668
HIS,HA,13093,1.929,8.9,4.602,0.426
HIS,HB2,12127,-0.038,8.7,3.104,0.351
HIS,HB3,11778,-0.387,8.7,3.047,0.374
HIS,HD1,552,2.73,77.1,9.230,7.222
HIS,HD2,8528,0.264,9.415,6.998,0.473
HIS,HE1,6684,0.075,10.8810,7.943,0.568
HIS,HE2,231,6.573,16.53,9.487,2.294
HIS,N,17023,103.986,136.48,119.711,4.018
HIS,ND1,323,162.040,229.140,194.275,19.263
HIS,NE2,341,161.098,226.759,184.394,16.978
ILE,C,29481,166.4030,187.551,175.936,1.887
ILE,CA,40632,43.836,71.856,61.667,2.674
ILE,CB,37761,18.1,51.876,38.560,1.996
ILE,CD1,26087,4.937,29.595,13.396,1.647
ILE,CG1,23370,8.767,42.087,27.740,1.706
ILE,CG2,24754,3.448,37.008,17.523,1.328
ILE,H,46035,3.42,11.871,8.263,0.676
ILE,HA,31367,1.32,6.362,4.156,0.547
ILE,HB,29397,-1.280,3.87,1.785,0.289
ILE,HG12,26543,-2.12,2.849,1.274,0.394
ILE,HG13,25523,-2.074,2.990,1.199,0.406
ILE,MD,29365,-1.468,2.82,0.681,0.282
ILE,MG,27935,-1.468,2.198,0.776,0.268
ILE,N,43657,83.327,138.12,121.422,4.203
LEU,C,49006,166.222,189.78,177.089,1.921
LEU,CA,67510,37.916,67.880,55.685,2.108
LEU,CB,62851,26.4,55.546,42.248,1.840
LEU,CD1,41149,10.945,36.85,24.636,1.582
LEU,CD2,39207,9.860,32.515,24.080,1.673
LEU,CG,36222,15.3000,38.621,26.782,1.087
LEU,H,76567,3.012,13.220,8.216,0.627
LEU,HA,51898,1.58,6.420,4.297,0.452
LEU,HB2,47449,-1.252,4.4850,1.611,0.339
LEU,HB3,45539,-1.470,4.4850,1.527,0.359
LEU,HG,41710,-1.06,3.9,1.511,0.329
LEU,MD1,47945,-1.76,2.3640,0.757,0.273
LEU,MD2,46054,-1.922,2.349,0.736,0.278
LEU,N,72334,84.655,177.623,121.853,3.829
LYS,C,39734,166.633,185.000,176.726,1.897
LYS,CA,55264,40.726,65.866,56.960,2.159
LYS,CB,51363,21.192,46.600,32.768,1.760
LYS,CD,29019,15.366,42.868,28.961,1.104
LYS,CE,27942,25.241,56.0,41.886,0.865
LYS,CG,30818,16.845,40.50,24.895,1.125
LYS,H,64182,3.258,12.031,8.177,0.591
LYS,HA,44786,0.68,6.25,4.257,0.425
LYS,HB2,39970,-0.357,3.882,1.778,0.239
LYS,HB3,37837,-0.449,3.882,1.751,0.259
LYS,HD2,32029,-1.6800,3.19,1.606,0.209
LYS,HD3,28971,-0.567,3.193,1.598,0.213
LYS,HE2,31614,0.67,4.43,2.912,0.196
LYS,HE3,28001,1.12,4.550,2.907,0.199
LYS,HG2,36086,-0.77,3.128,1.368,0.250
LYS,HG3,33438,-0.871,3.046,1.353,0.264
LYS,N,59677,101.1,140.3,121.068,3.687
LYS,NZ,78,29.48,47.3444,33.441,2.517
LYS,QZ,1269,1.949,9.90,7.415,0.603
MET,C,11848,167.4,183.159,176.270,2.043
MET,CA,16741,43.281,66.860,56.172,2.184
MET,CB,15423,20.361,46.46,32.920,2.153
MET,CE,7026,0.000,48.46,17.110,1.738
MET,CG,8742,15.937,51.7,32.034,1.293
MET,H,17964,4.865,12.456,8.250,0.577
MET,HA,12685,1.127,6.35,4.387,0.457
MET,HB2,11280,-1.05,4.07,2.027,0.325
MET,HB3,10638,-0.99,3.47,1.993,0.336
MET,HG2,10317,-0.42,4.400,2.420,0.353
MET,HG3,9793,-0.469,4.240,2.395,0.371
MET,ME,7768,-0.713,8.381,1.888,0.387
MET,N,17223,102.804,138.547,120.090,3.458
PHE,C,20415,167.015,184.929,175.494,1.962
PHE,CA,28353,36.030,69.821,58.130,2.555
PHE,CB,26451,25.52,56.739,39.918,2.052
PHE,CD1,10102,116.948,143.164,131.583,1.246
PHE,CD2,7224,115.549,138.7,131.571,1.214
PHE,CE1,8772,114.754,139.560,130.725,1.324
PHE,CE2,6271,114.7,139.70,130.756,1.198
PHE,CG,249,127.24,152.844,138.251,2.963
PHE,CZ,6494,115.100,139.132,129.229,1.475
PHE,H,32554,3.549,12.1759,8.335,0.710
PHE,HA,21786,1.33,6.868,4.608,0.557
PHE,HB2,20190,0.159,4.461,3.000,0.363
PHE,HB3,19744,-0.212,4.690,2.941,0.384
PHE,HD1,16873,4.469,8.152,7.057,0.309
PHE,HD2,14373,4.469,8.152,7.061,0.310
PHE,HE1,14661,4.378,8.41,7.086,0.308
PHE,HE2,12627,4.378,8.41,7.082,0.312
PHE,HZ,10169,4.324,8.919,6.995,0.415
PHE,N,30569,101.474,139.02,120.386,4.098
PRO,C,22173,168.381,182.836,176.761,1.465
PRO,CA,31426,48.557,72.28,63.350,1.503
PRO,CB,29137,20.914,50.25,31.848,1.162
PRO,CD,18571,26.918,66.221,50.344,1.048
PRO,CG,18578,18.2800,50.753,27.208,1.103
PRO,HA,25150,1.044,8.080,4.388,0.324
PRO,HB2,23236,-0.75,4.590,2.079,0.342
PRO,HB3,22567,-0.583,3.79,2.004,0.349
PRO,HD2,21296,0.63,5.357,3.650,0.346
PRO,HD3,20577,0.3352,5.357,3.618,0.375
PRO,HG2,20814,-0.801,4.418,1.927,0.305
PRO,HG3,19347,-0.90,4.418,1.905,0.316
PRO,N,1397,110.492,145.739,135.293,5.623
SER,C,36189,164.470,197.1,174.644,1.714
SER,CA,50828,45.13,73.678,58.719,2.057
SER,CB,46920,31.400,78.834,63.807,1.505
SER,H,56203,3.76,12.522,8.277,0.570
SER,HA,38770,1.277,6.8530,4.468,0.396
SER,HB2,35363,1.66,5.453,3.870,0.252
SER,HB3,32788,1.12,5.453,3.846,0.273
SER,HG,610,0.13,8.97,5.343,1.050
SER,N,52940,95.97,133.684,116.294,3.467
THR,C,31130,165.5,184.431,174.569,1.707
THR,CA,43370,43.391,72.797,62.233,2.562
THR,CB,40031,27.09,81.526,69.703,1.719
THR,CG2,25443,11.7,36.725,21.546,1.091
THR,H,49330,5.320,11.804,8.235,0.612
THR,HA,33516,1.65,7.468,4.449,0.470
THR,HB,30394,0.92,8.346,4.164,0.321
THR,HG1,1017,-1.783,9.0130,5.073,1.288
THR,MG,30270,-0.973,3.28,1.138,0.212
THR,N,46696,95.262,138.274,115.354,4.711
TRP,C,6168,168.169,182.604,176.206,1.985
TRP,CA,8713,43.503,81.0,57.711,2.516
TRP,CB,8083,18.633,52.3,29.933,1.982
TRP,CD1,3633,108.450,135.599,126.555,1.857
TRP,CD2,123,120.000,132.622,127.925,1.915
TRP,CE2,135,113.888,177.710,138.054,6.527
TRP,CE3,3040,93.343,137.6,120.491,1.816
TRP,CG,156,102.53,116.526,110.971,1.975
TRP,CH2,3226,91.616,131.540,123.804,1.551
TRP,CZ2,3453,81.812,134.7,114.253,1.436
TRP,CZ3,3085,98.613,138.390,121.364,1.597
TRP,H,10447,5.16,11.75862,8.268,0.762
TRP,HA,7054,2.043,6.580,4.659,0.512
TRP,HB2,6625,0.42,4.54,3.191,0.339
TRP,HB3,6441,0.257,4.440,3.124,0.362
TRP,HD1,5913,4.90,8.93,7.138,0.337
TRP,HE1,6600,4.69,14.392,10.084,0.638
TRP,HE3,5138,4.89,9.9490,7.322,0.410
TRP,HH2,5074,4.372,8.797,6.981,0.351
TRP,HZ2,5503,4.655,8.558,7.285,0.318
TRP,HZ3,4960,3.877,8.898,6.876,0.369
TRP,N,9358,101.970,138.113,121.564,4.061
TRP,NE1,5209,106.0,144.357,129.252,2.181
TYR,C,16736,167.96,184.78,175.523,1.952
TYR,CA,23334,38.582,69.56,58.184,2.495
TYR,CB,21554,25.321,57.732,39.270,2.128
TYR,CD1,8947,115.3,141.572,132.710,1.387
TYR,CD2,6312,113.003,139.472,132.696,1.505
TYR,CE1,8837,92.486,137.420,117.948,1.369
TYR,CE2,6231,106.548,135.823,117.917,1.273
TYR,CG,234,117.7,144.3,129.381,2.643
TYR,CZ,161,153.6,160.45,156.887,1.442
TYR,H,27381,4.156,12.34,8.292,0.724
TYR,HA,18689,1.188,6.825,4.600,0.550
TYR,HB2,17260,-0.494,4.7,2.908,0.364
TYR,HB3,16867,-0.192,4.7,2.845,0.386
TYR,HD1,14941,3.931,8.538,6.939,0.292
TYR,HD2,12969,4.027,8.538,6.934,0.293
TYR,HE1,14183,4.58,8.0400,6.701,0.225
TYR,HE2,12397,4.58,8.5,6.703,0.227
TYR,HH,252,-0.788,13.748,9.157,1.556
TYR,N,25144,61.07,144.96,120.484,4.089
VAL,C,38749,148.258,183.949,175.714,1.850
VAL,CA,53077,44.980,77.145,62.548,2.840
VAL,CB,48913,18.97,45.331,32.695,1.773
VAL,CG1,32949,12.071,32.27,21.502,1.359
VAL,CG2,31766,11.375,33.118,21.297,1.518
VAL,H,59898,3.98,12.585,8.273,0.662
VAL,HA,40806,0.972,6.298,4.159,0.568
VAL,HB,37743,-1.240,3.758,1.985,0.313
VAL,MG1,37892,-1.55,2.573,0.826,0.259
VAL,MG2,37097,-2.32,3.32,0.806,0.277
VAL,N,57204,93.758,143.29,121.091,4.404
